{"frames": {

"bg.png":
{
	"frame": {"x":2,"y":2,"w":640,"h":750},
	"rotated": false,
	"trimmed": false,
	"spriteSourceSize": {"x":0,"y":0,"w":640,"h":750},
	"sourceSize": {"w":640,"h":750},
	"pivot": {"x":0.5,"y":0.5}
},
"btn1.png":
{
	"frame": {"x":416,"y":840,"w":104,"h":52},
	"rotated": false,
	"trimmed": false,
	"spriteSourceSize": {"x":0,"y":0,"w":104,"h":52},
	"sourceSize": {"w":104,"h":52},
	"pivot": {"x":0.5,"y":0.5}
},
"btn2.jpg":
{
	"frame": {"x":522,"y":840,"w":180,"h":50},
	"rotated": false,
	"trimmed": false,
	"spriteSourceSize": {"x":0,"y":0,"w":180,"h":50},
	"sourceSize": {"w":180,"h":50},
	"pivot": {"x":0.5,"y":0.5}
},
"logo.png":
{
	"frame": {"x":2,"y":906,"w":130,"h":31},
	"rotated": false,
	"trimmed": true,
	"spriteSourceSize": {"x":6,"y":7,"w":130,"h":31},
	"sourceSize": {"w":142,"h":44},
	"pivot": {"x":0.5,"y":0.5}
},
"pic1.jpg":
{
	"frame": {"x":2,"y":754,"w":272,"h":84},
	"rotated": false,
	"trimmed": false,
	"spriteSourceSize": {"x":0,"y":0,"w":272,"h":84},
	"sourceSize": {"w":272,"h":84},
	"pivot": {"x":0.5,"y":0.5}
},
"pic10.png":
{
	"frame": {"x":858,"y":754,"w":72,"h":72},
	"rotated": false,
	"trimmed": true,
	"spriteSourceSize": {"x":1,"y":1,"w":72,"h":72},
	"sourceSize": {"w":74,"h":74},
	"pivot": {"x":0.5,"y":0.5}
},
"pic11.png":
{
	"frame": {"x":932,"y":754,"w":72,"h":72},
	"rotated": false,
	"trimmed": true,
	"spriteSourceSize": {"x":2,"y":1,"w":72,"h":72},
	"sourceSize": {"w":75,"h":75},
	"pivot": {"x":0.5,"y":0.5}
},
"pic2.jpg":
{
	"frame": {"x":276,"y":754,"w":432,"h":83},
	"rotated": false,
	"trimmed": false,
	"spriteSourceSize": {"x":0,"y":0,"w":432,"h":83},
	"sourceSize": {"w":432,"h":83},
	"pivot": {"x":0.5,"y":0.5}
},
"pic4.jpg":
{
	"frame": {"x":2,"y":840,"w":412,"h":64},
	"rotated": false,
	"trimmed": false,
	"spriteSourceSize": {"x":0,"y":0,"w":412,"h":64},
	"sourceSize": {"w":412,"h":64},
	"pivot": {"x":0.5,"y":0.5}
},
"pic5.png":
{
	"frame": {"x":644,"y":2,"w":300,"h":300},
	"rotated": false,
	"trimmed": true,
	"spriteSourceSize": {"x":0,"y":1,"w":300,"h":300},
	"sourceSize": {"w":300,"h":301},
	"pivot": {"x":0.5,"y":0.5}
},
"pic6.jpg":
{
	"frame": {"x":704,"y":840,"w":300,"h":35},
	"rotated": false,
	"trimmed": false,
	"spriteSourceSize": {"x":0,"y":0,"w":300,"h":35},
	"sourceSize": {"w":300,"h":35},
	"pivot": {"x":0.5,"y":0.5}
},
"pic7.png":
{
	"frame": {"x":946,"y":2,"w":168,"h":168},
	"rotated": false,
	"trimmed": true,
	"spriteSourceSize": {"x":1,"y":0,"w":168,"h":168},
	"sourceSize": {"w":170,"h":168},
	"pivot": {"x":0.5,"y":0.5}
},
"pic8.png":
{
	"frame": {"x":710,"y":754,"w":72,"h":72},
	"rotated": false,
	"trimmed": true,
	"spriteSourceSize": {"x":1,"y":0,"w":72,"h":72},
	"sourceSize": {"w":74,"h":73},
	"pivot": {"x":0.5,"y":0.5}
},
"pic9.png":
{
	"frame": {"x":784,"y":754,"w":72,"h":72},
	"rotated": false,
	"trimmed": true,
	"spriteSourceSize": {"x":1,"y":1,"w":72,"h":72},
	"sourceSize": {"w":74,"h":74},
	"pivot": {"x":0.5,"y":0.5}
}},
"meta": {
	"app": "http://www.codeandweb.com/texturepacker",
	"version": "1.0",
	"image": "assets.png",
	"format": "RGBA8888",
	"size": {"w":1116,"h":939},
	"scale": "1",
	"smartupdate": "$TexturePacker:SmartUpdate:aa6db3859aa48c1f55b3019979a28407:0e9180b39aded5d025bd95697ecae3e5:a759b6bbc8381ac9c472b28f589ad0d6$"
}
}
